-- ============================================================
-- Demo Data Import — IT Finance System
-- นำเข้าข้อมูลจาก Demo prototype เข้า production DB
-- รหัสผ่าน staff เริ่มต้น: IT@2568
-- ============================================================

SET NAMES utf8mb4;
SET FOREIGN_KEY_CHECKS = 0;

-- ============================================================
-- 1. SETTINGS
-- ============================================================
INSERT INTO settings (`key`, `value`) VALUES
  ('monthly_fee',    '50'),
  ('penalty_per_day','5'),
  ('due_day',        '8'),
  ('bank_name',      'นายไพศาล กองมณี'),
  ('bank_account',   '202-3-90895-9'),
  ('academic_year',  '2568'),
  ('active_months',  '1,2,3,4')
ON DUPLICATE KEY UPDATE `value` = VALUES(`value`);

-- ============================================================
-- 2. STUDENTS (95 คน)
-- ============================================================
INSERT IGNORE INTO students (student_id, name, email, created_at) VALUES
  ('6821651931','กฤตติณณ์ พุตติ',              '6821651931@ku.th', NOW()),
  ('6821651949','กฤตพล อภิชาตเมธี',           '6821651949@ku.th', NOW()),
  ('6821651957','กันตภณ เปรมปรีด์',            '6821651957@ku.th', NOW()),
  ('6821651965','กันตินันท์ พุ่มนิล',          '6821651965@ku.th', NOW()),
  ('6821651973','จินต์รัตนา ภิญโญรัตนโยธี',   '6821651973@ku.th', NOW()),
  ('6821651981','จิรัฐกร บุญคุ้ม',             '6821651981@ku.th', NOW()),
  ('6821651990','จิรานุวัฒน์ ขันธ์นิตย์',      '6821651990@ku.th', NOW()),
  ('6821652007','เจตนิพัทธ์ ตั๋นเจริญ',        '6821652007@ku.th', NOW()),
  ('6821652015','ฉัตรแก้ว ชูสืบสาย',           '6821652015@ku.th', NOW()),
  ('6821652023','ชญานุตม์ พุทจิระ',            '6821652023@ku.th', NOW()),
  ('6821652031','ชุณหกาญจน์ ชาตรี',            '6821652031@ku.th', NOW()),
  ('6821652040','ฐณิชาฌ์ ลวัณยาภรณ์',          '6821652040@ku.th', NOW()),
  ('6821652058','ฐากร สุวรรณโน',               '6821652058@ku.th', NOW()),
  ('6821652066','ณัชพล ตั้งสกุลจารุพงศ์',      '6821652066@ku.th', NOW()),
  ('6821652074','ณัฐกฤตา สุดดี',               '6821652074@ku.th', NOW()),
  ('6821652082','ณัฐฐิญา โพธิ์ชัย',            '6821652082@ku.th', NOW()),
  ('6821652112','ตรีสรา แป้นพยัคฆ์',           '6821652112@ku.th', NOW()),
  ('6821652139','ธชาพัฒน์ ฐิติพรจิรโชติ',      '6821652139@ku.th', NOW()),
  ('6821652147','ธนกฤต เอื้อณัชพล',            '6821652147@ku.th', NOW()),
  ('6821652155','ธนดล อินทร',                  '6821652155@ku.th', NOW()),
  ('6821652163','ธนภัทร มากงลาด',              '6821652163@ku.th', NOW()),
  ('6821652171','ธนวัฒน์ อุ่นเจริญดี',          '6821652171@ku.th', NOW()),
  ('6821652180','ธนวัต กิจเดช',                '6821652180@ku.th', NOW()),
  ('6821652198','ธนวินท์ สุรินทร์',             '6821652198@ku.th', NOW()),
  ('6821652201','ธนเสฏฐ์ วิบูลธำรงวสุ',         '6821652201@ku.th', NOW()),
  ('6821652210','ธนาธิป แหวนทับทิม',            '6821652210@ku.th', NOW()),
  ('6821652228','ธฤษณัช บุญสิงห์',             '6821652228@ku.th', NOW()),
  ('6821652236','ธัญธรณ์ ใจทนภัทรกุล',          '6821652236@ku.th', NOW()),
  ('6821652244','ธันยานิษฐ อินทนาศักดิ์',       '6821652244@ku.th', NOW()),
  ('6821652252','ธาราวดี ยังวันภากร',           '6821652252@ku.th', NOW()),
  ('6821652261','ธีรนันท์ ณรงค์วงศ์วัฒนา',     '6821652261@ku.th', NOW()),
  ('6821652279','นนทวัฒน์ คงพิรุณ',             '6821652279@ku.th', NOW()),
  ('6821652287','นภัทร ธนาลงกรณ์',             '6821652287@ku.th', NOW()),
  ('6821652295','นภัสวรรณ ใจหาญ',              '6821652295@ku.th', NOW()),
  ('6821652309','นันทิชา นันตา',               '6821652309@ku.th', NOW()),
  ('6821652317','นาวิน อิ่มเสถียร',             '6821652317@ku.th', NOW()),
  ('6821652325','นิธิวดี ศิริจน์',              '6821652325@ku.th', NOW()),
  ('6821652333','บดินทร์ บุตรทอง',             '6821652333@ku.th', NOW()),
  ('6821652341','บวรลักษณ์ หงษ์ทอง',           '6821652341@ku.th', NOW()),
  ('6821652350','บุรัสกร วิเชียรพงษ์',          '6821652350@ku.th', NOW()),
  ('6821652376','ประวีร์ ตรงมา',               '6821652376@ku.th', NOW()),
  ('6821652384','ปรีดารัตน์ พุทธา',             '6821652384@ku.th', NOW()),
  ('6821652392','ผลิตโชค ลาภมูล',              '6821652392@ku.th', NOW()),
  ('6821652406','พงศภัค สาแก่งทราย',            '6821652406@ku.th', NOW()),
  ('6821652414','พชรกร วัฒนกิจรุ่งโรจน์',       '6821652414@ku.th', NOW()),
  ('6821652422','พรรณรัตน์ สุพงศ์พาณิช',        '6821652422@ku.th', NOW()),
  ('6821652431','พัฒนพันธ์ พละพล',              '6821652431@ku.th', NOW()),
  ('6821652449','พิชญาภา คงสบาย',              '6821652449@ku.th', NOW()),
  ('6821652457','พิญชาณี เนื่องชุมพร',          '6821652457@ku.th', NOW()),
  ('6821652465','พิมพ์มาดา ภู่สามสาย',          '6821652465@ku.th', NOW()),
  ('6821652473','พิมพ์รดา ทองเทือก',            '6821652473@ku.th', NOW()),
  ('6821652481','พิยะดา โพธิคำ',               '6821652481@ku.th', NOW()),
  ('6821652490','พีรพัฒน์ ฉายสินศร',            '6821652490@ku.th', NOW()),
  ('6821652503','พีรวุฒิ เกรียงวงค์',            '6821652503@ku.th', NOW()),
  ('6821652511','พีระยุทธ อินแจง',              '6821652511@ku.th', NOW()),
  ('6821652520','ไพศาล กองมณี',                '6821652520@ku.th', NOW()),
  ('6821652546','ภัควรัณย์ อินทสุวรรณ์',        '6821652546@ku.th', NOW()),
  ('6821652554','ภัทรพล จันทลักขณา',            '6821652554@ku.th', NOW()),
  ('6821652571','ภาณุพงศ์ คงทอง',              '6821652571@ku.th', NOW()),
  ('6821652589','ภาวิดา เหมือนละม้าย',          '6821652589@ku.th', NOW()),
  ('6821652597','ภูดิส มารอดศิริ',              '6821652597@ku.th', NOW()),
  ('6821652601','เมธัส แก้วปาน',               '6821652601@ku.th', NOW()),
  ('6821652619','รพิสิทธิ์ ไขว้พันธุ์',          '6821652619@ku.th', NOW()),
  ('6821652627','รักษิณา ฟุ้งสาคร',             '6821652627@ku.th', NOW()),
  ('6821652635','รุจิรา อิ่มจิตต์',              '6821652635@ku.th', NOW()),
  ('6821652643','เรวิชญ์ เกตุทอง',              '6821652643@ku.th', NOW()),
  ('6821652651','วิทวัส คล้ายคลึงดี',            '6821652651@ku.th', NOW()),
  ('6821652660','ศตายุ อักษรณรงค์',             '6821652660@ku.th', NOW()),
  ('6821652678','ศรัณยพงศ์ มณีวรรณ',            '6821652678@ku.th', NOW()),
  ('6821652686','ศันสนีย์ จำพานิชย์',            '6821652686@ku.th', NOW()),
  ('6821652694','ศุภกร น้อยถนอม',               '6821652694@ku.th', NOW()),
  ('6821652708','ศุภฤกษ์ ปานเนือง',             '6821652708@ku.th', NOW()),
  ('6821652716','ศุภวุฒิ บานสูงเนิน',            '6821652716@ku.th', NOW()),
  ('6821652724','สัชฌุกร พันธุ์โสภณ',            '6821652724@ku.th', NOW()),
  ('6821652732','สิรภัทร ชินนาผา',              '6821652732@ku.th', NOW()),
  ('6821652741','สุชาดา ไสยา',                  '6821652741@ku.th', NOW()),
  ('6821652759','อธิคม อุชาดี',                 '6821652759@ku.th', NOW()),
  ('6821652767','อภิรักษ์ ลิ้มรักษา',            '6821652767@ku.th', NOW()),
  ('6821652775','อักษราภัค อึ้งวิจิตรอำไพ',      '6821652775@ku.th', NOW()),
  ('6821652783','อัครพล สมสุวรรณ',              '6821652783@ku.th', NOW()),
  ('6821652791','อาภาพร นิลพัฒน์',              '6821652791@ku.th', NOW()),
  ('6821652805','อิทธิวัฒน์ นิทาน',             '6821652805@ku.th', NOW()),
  ('6821652813','อินทิรา ขันสัมฤทธิ์',           '6821652813@ku.th', NOW()),
  ('6821652821','อิสรพล ปรีชื่น',               '6821652821@ku.th', NOW()),
  ('6821656258','จุฑามาศ ศักดิ์รุ่งสกุล',        '6821656258@ku.th', NOW()),
  ('6821656274','ณัฐดนัย เอี่ยมมะเฟือง',         '6821656274@ku.th', NOW()),
  ('6821656282','ทศภพ วรรณปกาสิต',              '6821656282@ku.th', NOW()),
  ('6821656291','นันทวัฒน์ ชูเลาตระกูล',         '6821656291@ku.th', NOW()),
  ('6821656304','เบญจภพ วรรณปกาสิต',            '6821656304@ku.th', NOW()),
  ('6821656312','ปัณณวิชญ์ เทียวประสงค์',        '6821656312@ku.th', NOW()),
  ('6821656321','พาธินทร์ ธนาคม',               '6821656321@ku.th', NOW()),
  ('6821656339','ภัทรพล สามงามเสือ',             '6821656339@ku.th', NOW()),
  ('6821656347','รินรดา สายโสภา',               '6821656347@ku.th', NOW()),
  ('6821656363','สิรภัทร สวัสดิภาพพันธ์',        '6821656363@ku.th', NOW()),
  ('6821656398','อวิรุทธิ์ เพชรมะลิ',            '6821656398@ku.th', NOW());

-- ============================================================
-- 3. STAFF USER ACCOUNTS (รหัสผ่าน: IT@2568)
-- hash = $2y$10$NcikdFL6G0TSe.7vNOfLl.hLfMeOD95iFsHapM4Lqu4l8qqAFKEWq
-- ============================================================
INSERT IGNORE INTO users (name, student_id, email, password, role, is_active) VALUES
  ('ไพศาล กองมณี',         'STAFF001', 'treasurer@it.ku.th',   '$2y$10$NcikdFL6G0TSe.7vNOfLl.hLfMeOD95iFsHapM4Lqu4l8qqAFKEWq', 'treasurer',      1),
  ('หัวหน้าสาขา IT',        'STAFF002', 'headit@it.ku.th',      '$2y$10$NcikdFL6G0TSe.7vNOfLl.hLfMeOD95iFsHapM4Lqu4l8qqAFKEWq', 'head_it',        1),
  ('อาจารย์ที่ปรึกษา',      'STAFF003', 'advisor@it.ku.th',     '$2y$10$NcikdFL6G0TSe.7vNOfLl.hLfMeOD95iFsHapM4Lqu4l8qqAFKEWq', 'advisor',        1),
  ('ฉัตรแก้ว ชูสืบสาย',    '6821652015','auditor@it.ku.th',    '$2y$10$NcikdFL6G0TSe.7vNOfLl.hLfMeOD95iFsHapM4Lqu4l8qqAFKEWq', 'auditor',        1),
  ('สิรภัทร ชินนาผา',      '6821652732','activity@it.ku.th',   '$2y$10$NcikdFL6G0TSe.7vNOfLl.hLfMeOD95iFsHapM4Lqu4l8qqAFKEWq', 'activity_staff', 1),
  ('ตรีสรา แป้นพยัคฆ์',    '6821652112','academic@it.ku.th',   '$2y$10$NcikdFL6G0TSe.7vNOfLl.hLfMeOD95iFsHapM4Lqu4l8qqAFKEWq', 'academic_staff', 1),
  ('ธนดล อินทร',            '6821652155','student@it.ku.th',    '$2y$10$NcikdFL6G0TSe.7vNOfLl.hLfMeOD95iFsHapM4Lqu4l8qqAFKEWq', 'student',        1);

-- ============================================================
-- 4. PAYMENT RECORDS (เดือน 1-4 ปี 2568)
-- ชำระแล้ว (paid) ส่วนใหญ่, บางคนค้าง (overdue)
-- ============================================================

-- เดือน 1 (มกราคม) — ส่วนใหญ่จ่ายแล้ว
INSERT IGNORE INTO payment_records (student_id, year, month, status, amount, penalty, paid_date) VALUES
  ('6821651931',2568,1,'paid',50,0,'2568-01-07'),
  ('6821651949',2568,1,'paid',50,0,'2568-01-06'),
  ('6821651957',2568,1,'paid',50,0,'2568-01-08'),
  ('6821651965',2568,1,'paid',50,0,'2568-01-05'),
  ('6821651973',2568,1,'paid',50,0,'2568-01-07'),
  ('6821651981',2568,1,'paid',50,0,'2568-01-06'),
  ('6821651990',2568,1,'paid',50,0,'2568-01-08'),
  ('6821652007',2568,1,'paid',50,0,'2568-01-07'),
  ('6821652015',2568,1,'paid',50,0,'2568-01-05'),
  ('6821652023',2568,1,'paid',50,0,'2568-01-06'),
  ('6821652031',2568,1,'paid',50,0,'2568-01-07'),
  ('6821652040',2568,1,'paid',50,0,'2568-01-08'),
  ('6821652058',2568,1,'paid',50,0,'2568-01-06'),
  ('6821652066',2568,1,'paid',50,0,'2568-01-07'),
  ('6821652074',2568,1,'paid',50,0,'2568-01-05'),
  ('6821652082',2568,1,'paid',50,0,'2568-01-07'),
  ('6821652112',2568,1,'paid',50,0,'2568-01-08'),
  ('6821652139',2568,1,'paid',50,0,'2568-01-06'),
  ('6821652147',2568,1,'paid',50,0,'2568-01-07'),
  ('6821652155',2568,1,'paid',50,0,'2568-01-05'),
  ('6821652163',2568,1,'paid',50,0,'2568-01-08'),
  ('6821652171',2568,1,'paid',50,0,'2568-01-07'),
  ('6821652180',2568,1,'paid',50,0,'2568-01-06'),
  ('6821652198',2568,1,'paid',50,0,'2568-01-08'),
  ('6821652201',2568,1,'paid',50,0,'2568-01-07'),
  ('6821652210',2568,1,'paid',50,0,'2568-01-05'),
  ('6821652228',2568,1,'paid',50,0,'2568-01-07'),
  ('6821652236',2568,1,'paid',50,0,'2568-01-08'),
  ('6821652244',2568,1,'paid',50,0,'2568-01-06'),
  ('6821652252',2568,1,'paid',50,0,'2568-01-07'),
  ('6821652261',2568,1,'paid',50,0,'2568-01-08'),
  ('6821652279',2568,1,'paid',50,0,'2568-01-07'),
  ('6821652287',2568,1,'paid',50,0,'2568-01-06'),
  ('6821652295',2568,1,'paid',50,0,'2568-01-07'),
  ('6821652309',2568,1,'paid',50,0,'2568-01-05'),
  ('6821652317',2568,1,'paid',50,0,'2568-01-07'),
  ('6821652325',2568,1,'paid',50,0,'2568-01-08'),
  ('6821652333',2568,1,'paid',50,0,'2568-01-06'),
  ('6821652341',2568,1,'paid',50,0,'2568-01-07'),
  ('6821652350',2568,1,'paid',50,0,'2568-01-08'),
  ('6821652376',2568,1,'paid',50,0,'2568-01-07'),
  ('6821652384',2568,1,'paid',50,0,'2568-01-06'),
  ('6821652392',2568,1,'paid',50,0,'2568-01-07'),
  ('6821652406',2568,1,'paid',50,0,'2568-01-08'),
  ('6821652414',2568,1,'paid',50,0,'2568-01-07'),
  ('6821652422',2568,1,'paid',50,0,'2568-01-06'),
  ('6821652431',2568,1,'paid',50,0,'2568-01-07'),
  ('6821652449',2568,1,'paid',50,0,'2568-01-08'),
  ('6821652457',2568,1,'paid',50,0,'2568-01-07'),
  ('6821652465',2568,1,'paid',50,0,'2568-01-06'),
  ('6821652473',2568,1,'paid',50,0,'2568-01-07'),
  ('6821652481',2568,1,'paid',50,0,'2568-01-08'),
  ('6821652490',2568,1,'paid',50,0,'2568-01-07'),
  ('6821652503',2568,1,'paid',50,0,'2568-01-06'),
  ('6821652511',2568,1,'paid',50,0,'2568-01-07'),
  ('6821652520',2568,1,'paid',50,0,'2568-01-08'),
  ('6821652546',2568,1,'paid',50,0,'2568-01-07'),
  ('6821652554',2568,1,'paid',50,0,'2568-01-06'),
  ('6821652571',2568,1,'paid',50,0,'2568-01-07'),
  ('6821652589',2568,1,'paid',50,0,'2568-01-08'),
  ('6821652597',2568,1,'paid',50,0,'2568-01-07'),
  ('6821652601',2568,1,'paid',50,0,'2568-01-06'),
  ('6821652619',2568,1,'paid',50,0,'2568-01-07'),
  ('6821652627',2568,1,'paid',50,0,'2568-01-08'),
  ('6821652635',2568,1,'paid',50,0,'2568-01-07'),
  ('6821652643',2568,1,'paid',50,0,'2568-01-06'),
  ('6821652651',2568,1,'paid',50,0,'2568-01-07'),
  ('6821652660',2568,1,'paid',50,0,'2568-01-08'),
  ('6821652678',2568,1,'paid',50,0,'2568-01-07'),
  ('6821652686',2568,1,'paid',50,0,'2568-01-06'),
  ('6821652694',2568,1,'paid',50,0,'2568-01-07'),
  ('6821652708',2568,1,'paid',50,0,'2568-01-08'),
  ('6821652716',2568,1,'paid',50,0,'2568-01-07'),
  ('6821652724',2568,1,'paid',50,0,'2568-01-06'),
  ('6821652732',2568,1,'paid',50,0,'2568-01-07'),
  ('6821652741',2568,1,'paid',50,0,'2568-01-08'),
  ('6821652759',2568,1,'paid',50,0,'2568-01-07'),
  ('6821652767',2568,1,'paid',50,0,'2568-01-06'),
  ('6821652775',2568,1,'paid',50,0,'2568-01-07'),
  ('6821652783',2568,1,'paid',50,0,'2568-01-08'),
  ('6821652791',2568,1,'paid',50,0,'2568-01-07'),
  ('6821652805',2568,1,'paid',50,0,'2568-01-06'),
  ('6821652813',2568,1,'paid',50,0,'2568-01-07'),
  ('6821652821',2568,1,'paid',50,0,'2568-01-08'),
  ('6821656258',2568,1,'paid',50,0,'2568-01-07'),
  ('6821656274',2568,1,'paid',50,0,'2568-01-06'),
  ('6821656282',2568,1,'paid',50,0,'2568-01-07'),
  ('6821656291',2568,1,'paid',50,0,'2568-01-08'),
  ('6821656304',2568,1,'paid',50,0,'2568-01-07'),
  ('6821656312',2568,1,'paid',50,0,'2568-01-06'),
  ('6821656321',2568,1,'paid',50,0,'2568-01-07'),
  ('6821656339',2568,1,'paid',50,0,'2568-01-08'),
  ('6821656347',2568,1,'paid',50,0,'2568-01-07'),
  ('6821656363',2568,1,'paid',50,0,'2568-01-06'),
  ('6821656398',2568,1,'paid',50,0,'2568-01-07');

-- เดือน 2 (กุมภาพันธ์) — ส่วนใหญ่จ่ายแล้ว บางคนค้าง
INSERT IGNORE INTO payment_records (student_id, year, month, status, amount, penalty, paid_date) VALUES
  ('6821651931',2568,2,'paid',50,0,'2568-02-07'),
  ('6821651949',2568,2,'paid',50,0,'2568-02-06'),
  ('6821651957',2568,2,'overdue',50,15,NULL),
  ('6821651965',2568,2,'paid',50,0,'2568-02-07'),
  ('6821651973',2568,2,'paid',50,0,'2568-02-05'),
  ('6821651981',2568,2,'paid',50,0,'2568-02-06'),
  ('6821651990',2568,2,'paid',50,0,'2568-02-07'),
  ('6821652007',2568,2,'paid',50,0,'2568-02-08'),
  ('6821652015',2568,2,'paid',50,0,'2568-02-07'),
  ('6821652023',2568,2,'paid',50,0,'2568-02-06'),
  ('6821652031',2568,2,'paid',50,0,'2568-02-07'),
  ('6821652040',2568,2,'paid',50,0,'2568-02-08'),
  ('6821652058',2568,2,'paid',50,0,'2568-02-07'),
  ('6821652066',2568,2,'paid',50,0,'2568-02-06'),
  ('6821652074',2568,2,'overdue',50,55,NULL),
  ('6821652082',2568,2,'paid',50,0,'2568-02-07'),
  ('6821652112',2568,2,'overdue',50,0,NULL),
  ('6821652139',2568,2,'paid',50,0,'2568-02-06'),
  ('6821652147',2568,2,'paid',50,0,'2568-02-07'),
  ('6821652155',2568,2,'paid',50,0,'2568-02-05'),
  ('6821652163',2568,2,'paid',50,0,'2568-02-07'),
  ('6821652171',2568,2,'paid',50,0,'2568-02-06'),
  ('6821652180',2568,2,'paid',50,0,'2568-02-07'),
  ('6821652198',2568,2,'paid',50,0,'2568-02-08'),
  ('6821652201',2568,2,'paid',50,0,'2568-02-07'),
  ('6821652210',2568,2,'paid',50,0,'2568-02-06'),
  ('6821652228',2568,2,'paid',50,0,'2568-02-07'),
  ('6821652236',2568,2,'paid',50,0,'2568-02-08'),
  ('6821652244',2568,2,'paid',50,0,'2568-02-07'),
  ('6821652252',2568,2,'paid',50,0,'2568-02-06'),
  ('6821652261',2568,2,'paid',50,0,'2568-02-07'),
  ('6821652279',2568,2,'paid',50,0,'2568-02-08'),
  ('6821652287',2568,2,'overdue',50,0,NULL),
  ('6821652295',2568,2,'paid',50,0,'2568-02-07'),
  ('6821652309',2568,2,'paid',50,0,'2568-02-06'),
  ('6821652317',2568,2,'paid',50,0,'2568-02-07'),
  ('6821652325',2568,2,'paid',50,0,'2568-02-08'),
  ('6821652333',2568,2,'paid',50,0,'2568-02-07'),
  ('6821652341',2568,2,'paid',50,0,'2568-02-06'),
  ('6821652350',2568,2,'paid',50,0,'2568-02-07'),
  ('6821652376',2568,2,'paid',50,0,'2568-02-08'),
  ('6821652384',2568,2,'paid',50,0,'2568-02-07'),
  ('6821652392',2568,2,'paid',50,0,'2568-02-06'),
  ('6821652406',2568,2,'overdue',50,0,NULL),
  ('6821652414',2568,2,'paid',50,0,'2568-02-07'),
  ('6821652422',2568,2,'paid',50,0,'2568-02-06'),
  ('6821652431',2568,2,'paid',50,0,'2568-02-07'),
  ('6821652449',2568,2,'paid',50,0,'2568-02-08'),
  ('6821652457',2568,2,'overdue',50,10,NULL),
  ('6821652465',2568,2,'paid',50,0,'2568-02-07'),
  ('6821652473',2568,2,'paid',50,0,'2568-02-06'),
  ('6821652481',2568,2,'paid',50,0,'2568-02-07'),
  ('6821652490',2568,2,'paid',50,0,'2568-02-08'),
  ('6821652503',2568,2,'paid',50,0,'2568-02-07'),
  ('6821652511',2568,2,'paid',50,0,'2568-02-06'),
  ('6821652520',2568,2,'paid',50,0,'2568-02-07'),
  ('6821652546',2568,2,'paid',50,0,'2568-02-08'),
  ('6821652554',2568,2,'overdue',50,0,NULL),
  ('6821652571',2568,2,'paid',50,0,'2568-02-07'),
  ('6821652589',2568,2,'overdue',50,15,NULL),
  ('6821652597',2568,2,'paid',50,0,'2568-02-07'),
  ('6821652601',2568,2,'paid',50,0,'2568-02-06'),
  ('6821652619',2568,2,'paid',50,0,'2568-02-07'),
  ('6821652627',2568,2,'paid',50,0,'2568-02-08'),
  ('6821652635',2568,2,'paid',50,0,'2568-02-07'),
  ('6821652643',2568,2,'paid',50,0,'2568-02-06'),
  ('6821652651',2568,2,'paid',50,0,'2568-02-07'),
  ('6821652660',2568,2,'paid',50,0,'2568-02-08'),
  ('6821652678',2568,2,'paid',50,0,'2568-02-07'),
  ('6821652686',2568,2,'paid',50,0,'2568-02-06'),
  ('6821652694',2568,2,'paid',50,0,'2568-02-07'),
  ('6821652708',2568,2,'paid',50,0,'2568-02-08'),
  ('6821652716',2568,2,'paid',50,0,'2568-02-07'),
  ('6821652724',2568,2,'overdue',50,0,NULL),
  ('6821652732',2568,2,'overdue',50,60,NULL),
  ('6821652741',2568,2,'paid',50,0,'2568-02-07'),
  ('6821652759',2568,2,'overdue',50,10,NULL),
  ('6821652767',2568,2,'paid',50,0,'2568-02-06'),
  ('6821652775',2568,2,'paid',50,0,'2568-02-07'),
  ('6821652783',2568,2,'overdue',50,25,NULL),
  ('6821652791',2568,2,'paid',50,0,'2568-02-08'),
  ('6821652805',2568,2,'paid',50,0,'2568-02-07'),
  ('6821652813',2568,2,'paid',50,0,'2568-02-06'),
  ('6821652821',2568,2,'paid',50,0,'2568-02-07'),
  ('6821656258',2568,2,'paid',50,0,'2568-02-08'),
  ('6821656274',2568,2,'paid',50,0,'2568-02-07'),
  ('6821656282',2568,2,'paid',50,0,'2568-02-06'),
  ('6821656291',2568,2,'paid',50,0,'2568-02-07'),
  ('6821656304',2568,2,'paid',50,0,'2568-02-08'),
  ('6821656312',2568,2,'overdue',50,15,NULL),
  ('6821656321',2568,2,'paid',50,0,'2568-02-07'),
  ('6821656339',2568,2,'overdue',50,0,NULL),
  ('6821656347',2568,2,'paid',50,0,'2568-02-06'),
  ('6821656363',2568,2,'overdue',50,0,NULL),
  ('6821656398',2568,2,'paid',50,0,'2568-02-07');

-- เดือน 3 (มีนาคม) — ส่วนใหญ่จ่ายแล้ว
INSERT IGNORE INTO payment_records (student_id, year, month, status, amount, penalty, paid_date)
SELECT student_id, 2568, 3, 'paid', 50, 0,
  CASE WHEN RAND() > 0.5 THEN '2568-03-07' ELSE '2568-03-06' END
FROM students;

-- เดือน 4 (เมษายน) — ยังไม่เก็บ (overdue เพราะเลยกำหนดแล้ว)
INSERT IGNORE INTO payment_records (student_id, year, month, status, amount, penalty)
SELECT student_id, 2568, 4, 'overdue', 50, 50 FROM students;

-- ============================================================
-- 5. FUND LEDGER (11 รายการจาก Demo)
-- ============================================================
INSERT IGNORE INTO fund_ledger (entry_date, txn_date, title, type, income, expense, balance, note, created_by) VALUES
  ('ม.ค. 68', '2025-01-31', 'เก็บเงินห้องเดือน ม.ค. 68',   'income',  3355.37, NULL,   3355.37, NULL,                          1),
  ('9 ก.พ. 68','2025-02-09', 'Made Max',                    'expense', NULL,    590.00, 2765.37, NULL,                          1),
  ('11 ก.พ. 68','2025-02-11','แก้วน้ำ ยากันยุง',             'expense', NULL,    115.00, 2650.37, 'ซ้อมอังคารที่ 3 ก.พ. 68',     1),
  ('11 ก.พ. 68','2025-02-11','กระโปรงแดนเซอร์',              'expense', NULL,    65.00,  2585.37, NULL,                          1),
  ('15 ก.พ. 68','2025-02-15','โอนเงินคืนเพื่อน',             'expense', NULL,    35.00,  2550.37, 'เพื่อนจ่ายค่าห้องเกิน',       1),
  ('18 ก.พ. 68','2025-02-18','แก้วน้ำ น้ำแข็ง',              'expense', NULL,    64.00,  2486.37, 'ซ้อมอังคารที่ 17 ก.พ. 68',    1),
  ('20 ก.พ. 68','2025-02-20','วิถยม',                        'expense', NULL,    119.00, 2367.37, NULL,                          1),
  ('27 ก.พ. 68','2025-02-27','น้ำแข็ง',                      'expense', NULL,    21.00,  2346.37, NULL,                          1),
  ('27 ก.พ. 68','2025-02-27','น้ำแข็ง',                      'expense', NULL,    20.00,  2326.37, NULL,                          1),
  ('27 ก.พ. 68','2025-02-27','แก้วน้ำ น้ำแข็ง',              'expense', NULL,    44.00,  2282.37, NULL,                          1),
  ('31 มี.ค. 68','2025-03-31','เก็บเงินห้องเดือน มี.ค. 68', 'income',  4856.00, NULL,   7138.37, NULL,                          1);

-- ============================================================
-- 6. EXPENSES (5 รายการจาก Demo)
-- ============================================================
INSERT IGNORE INTO expenses (id, title, department, category, requester_id, requester_name, amount, status, expense_date, reason, approved_by) VALUES
  ('EXP-001','แก้วน้ำ ยากันยุง',  'กิจกรรม','งบกิจกรรม','6821652732','สิรภัทร ชินนาผา', 115.00,'completed','2025-02-11','ซ้อมอังคารที่ 3 ก.พ. 68',1),
  ('EXP-002','Made Max',          'กิจกรรม','งบกิจกรรม','6821652155','ธนดล อินทร',       590.00,'completed','2025-02-09',NULL,                         1),
  ('EXP-003','กระโปรงแดนเซอร์',   'กิจกรรม','งบกิจกรรม','6821652295','นภัสวรรณ ใจหาญ',  65.00, 'completed','2025-02-11',NULL,                         1),
  ('EXP-004','วิถยม',              'กิจกรรม','งบกิจกรรม','6821651957','กันตภณ เปรมปรีด์',119.00,'completed','2025-02-20',NULL,                         1),
  ('EXP-005','น้ำแข็ง แก้วน้ำ',   'กิจกรรม','งบกิจกรรม','6821652732','สิรภัทร ชินนาผา', 85.00, 'completed','2025-02-27',NULL,                         1);

-- Expense Items
INSERT IGNORE INTO expense_items (expense_id, item_name, price, quantity) VALUES
  ('EXP-001','แก้วน้ำ',         80.00, 1),
  ('EXP-001','ยากันยุง',        35.00, 1),
  ('EXP-002','Made Max',       590.00, 1),
  ('EXP-003','กระโปรงแดนเซอร์', 65.00, 1),
  ('EXP-004','วิถยม',           119.00, 1),
  ('EXP-005','น้ำแข็ง',         21.00, 1),
  ('EXP-005','น้ำแข็ง',         20.00, 1),
  ('EXP-005','แก้วน้ำ น้ำแข็ง', 44.00, 1);

SET FOREIGN_KEY_CHECKS = 1;
